"Name","Barcode","Tags","Available stock","purchase cost","Sale Price","status"
"3 STAR LOCK    2 PLY  3 KEY","","","93","250","330","published Edit Photos"
"3 STAR LOCK   2   2 PLY  2 KEY","","","97","230","290","published Edit Photos"
"3 STAR LOCK   3  3 PLY","","","0","335","390","published Edit Photos"
"558 B   CYLINDER","","","0","165","185","published Edit Photos"
"558 B   FAST  AR","","","6.298804","8350","8700","published Edit Photos"
"558 B   WITHOUT CHUKI","","","8.23175935","7560","7950","published Edit Photos"
"AGFA   3","","","3.666","415","425","published Edit Photos"
"AGFA   4","","","12.3333","603","625","published Edit Photos"
"AL DRAFT   GULF AIR   10   1/2","","","3.91661","1850","2100","published Edit Photos"
"AL DRAFT   GULF AIR   10   5/8","","","5.66662","2700","3000","published Edit Photos"
"AL DRAFT   GULF AIR   8   1/2","","","1.933326","1800","2000","published Edit Photos"
"AL DRAFT   GULF AIR   8   5/8","","","2","2650","2950","published Edit Photos"
"ALMARI LOCK   KGI","","","16","470","490","published Edit Photos"
"ALMARI LOCK CL   THAILAND","","","5","400","440","published Edit Photos"
"ALUMUNIM SHEET   1    .08MM","","","0","1510","1550","published Edit Photos"
"ALUMUNIM SHEET   2.5    .08MM","","","26.81","1530","1470","published Edit Photos"
"ALUMUNIM SHEET   2.5    1.2MM","","","0","1570","1550","published Edit Photos"
"ALUMUNIM SHEET   3    .08MM","","","0","1490","1470","published Edit Photos"
"ALUMUNIM SHEET   3    1.2MM","","","0","1470","1550","published Edit Photos"
"ALUMUNIM SHEET   4    .10MM","","","0","2200","2300","published Edit Photos"
"BABAR   AC   BATHROOM","","","0","1120","1150","published Edit Photos"
"BABAR   CP   BATHROOM","","","9","1100","1120","published Edit Photos"
"BABAR   LOCK   AC","","","13","1100","1120","published Edit Photos"
"BABAR LOCK   808   CP","","","9","1100","1120","published Edit Photos"
"BABAR LOCK   FANCY DESIGN  AB","","","5","1040","1080","published Edit Photos"
"BED CLIP   3   8 GAGE","","","0","450","490","published Edit Photos"
"BED CLIP   4   8 GAGE","","","26","550","650","published Edit Photos"
"BED CLIP   5   8 GAGE","","","34","650","750","published Edit Photos"
"BEIFIEBU 3D","","","34","310","315","published Edit Photos"
"BOTTLE RACK   6   LOCAL","","","0","2600","3000","published Edit Photos"
"CATCHER   GOLI","","","-100","21","30","published Edit Photos"
"CATCHER   K SON   PVC","","","0","27.5","29","published Edit Photos"
"CATCHER   LARGE   SMC","","","71","78","88","published Edit Photos"
"CATCHER   LARGE   WEL MAX","","","360","53.5","58","published Edit Photos"
"CATCHER   MEDIUM   SMC","","","270","58","68","published Edit Photos"
"CATCHER   SS   KING LARGE","","","1348","34","38","published Edit Photos"
"CATCHER   SS   KING MEDIUM","","","1650","28.5","31","published Edit Photos"
"CATCHER LONG NECK","","","0","56","65","published Edit Photos"
"CATCHER MANDUCK   TIWAN","","","0","2000","2500","published Edit Photos"
"CUSHION GLIDE   1","","","12","370","450","published Edit Photos"
"CUSHION GLIDE   1.5","","","6","430","500","published Edit Photos"
"CUSHION GLIDE   3/4","","","8","330","400","published Edit Photos"
"CYLINDER   LARGE   1 SIDE ZINC FALE","","","0","450","510","published Edit Photos"
"CYLINDER   large   2 SIDE ZINC FALE","","","36","455","510","published Edit Photos"
"CYLINDER   MEDIUM   1 SIDE BRASS FALE","","","60","380","430","published Edit Photos"
"CYLINDER   MEDIUM   2 SIDE BRASS FALE","","","0","360","450","published Edit Photos"
"CYLINDER   MEDIUM   ALUNIMUM AB","","","3","210","330","published Edit Photos"
"CYLINDER   PMHS   LARGE   BRASS  1 SIDE","","","6","700","610","published Edit Photos"
"CYLINDER   PMHS   LARGE   BRASS  2 SIDE","","","0","600","490","published Edit Photos"
"CYLINDER   PMHS   LARGE   COMP","","","89","650","550","published Edit Photos"
"CYLINDER   PMHS   LARGE   ZINC","","","61","375","450","published Edit Photos"
"CYLINDER   PMHS   MEDIUM   BRASS   1 SIDE","","","109","360","460","published Edit Photos"
"CYLINDER   PMHS   MEDIUM   BRASS   2 SIDE","","","0","330","410","published Edit Photos"
"CYLINDER   PMHS   MEDIUM   ZINC   1 SIDE","","","98","270","325","published Edit Photos"
"CYLINDER   PMHS   MEDIUM   ZINC   2 SIDE","","","0","150","210","published Edit Photos"
"CYLINDER  SHE ZINC  1 SIDE","","","13","350","380","published Edit Photos"
"CYLINDER.  SHH.  BRASS MEDIUM 1 SIDE","","","0","340","480","published Edit Photos"
"D. LOCK   DOUBLE   MAXIUM","","","0","1000","950","published Edit Photos"
"D. LOCK   DOUBLE   SAK","","","50","1000","1100","published Edit Photos"
"D. LOCK   SINGLE   MAXIUM","","","0","880","850","published Edit Photos"
"D. LOCK   SINGLE   SAK","","","9","875","1000","published Edit Photos"
"DEAD BOLT LOCK   MAXEL AB   1 SIDE","","","0","1100","1225","published Edit Photos"
"DEAD BOLT LOCK   MAXEL AB   2 SIDE","","","0","1200","1250","published Edit Photos"
"DEAD BOLT LOCK   MAXEL SS   1 SIDE","","","0","1100","1250","published Edit Photos"
"DESPENSER   SS   500ML   KHAS","","","0","750","850","published Edit Photos"
"DIAMAND 2.5   3PLY 3KEY","","","0","555","600","published Edit Photos"
"DISK RACK   20","","","0","2025","2250","published Edit Photos"
"DISK RACK   304","","","23","2000","2100","published Edit Photos"
"DISK RACK   304 A","","","37","2300","2400","published Edit Photos"
"DISK RACK   304 B","","","46","2500","2700","published Edit Photos"
"DISK RACK   304 C","","","2","2900","3000","published Edit Photos"
"DISK RACK   304D","","","1","3200","3150","published Edit Photos"
"DOOR BRUSH PATTI   48","","","0","290","375","published Edit Photos"
"DOOR CLOSER   061 CHAMPION  PMHS","","","17","1700","2350","published Edit Photos"
"DOOR CLOSER   072   CHAMPION","","","0","1180","1350","published Edit Photos"
"DOOR CLOSER   512  CHAMPION","","","2","1050","1250","published Edit Photos"
"DOOR CLOSER   B71   BRONZE","","","0","2900","3000","published Edit Photos"
"DOOR CLOSER   B71   CHAMPAGNE","","","20","2800","3000","published Edit Photos"
"DOOR CLOSER   B71   SILIVER","","","10","2800","3100","published Edit Photos"
"DOOR CLOSER   CHAMPAGNE   643D","","","0","3750","4050","published Edit Photos"
"DOOR CLOSER   KGI   632   BRONZE","","","0","3850","2500","published Edit Photos"
"DOOR CLOSER   KGI   632   CHAMPGNE","","","25","3800","2500","published Edit Photos"
"DOOR CLOSER   KGI   632   SILIVER","","","0","3850","2500","published Edit Photos"
"DOOR CLOSER   KGI   632 D   CHAMPAGNE","","","0","1625","1900","published Edit Photos"
"DOOR CLOSER   KGI   643","","","2","4900","3650","published Edit Photos"
"DOOR CLOSER   MAXEL   70   CHAMPAGNE","","","113","2100","2300","published Edit Photos"
"DOOR CLOSER   MAXEL   70   SILIVER","","","15","2100","2300","published Edit Photos"
"DOOR CLOSER   SILIVER   643D","","","0","3750","4050","published Edit Photos"
"DOOR CLOSER   SMC   632   CHAMPION","","","8","3900","4200","published Edit Photos"
"DOOR CLOSER   SMC   632 SILIVER","","","0","3900","4000","published Edit Photos"
"DOOR CLOSER RECONDITION   62  CHAMPION","","","0","1100","1350","published Edit Photos"
"DRAWER CHANNEL   10   ARH   LIGHT","","","149","155","180","published Edit Photos"
"DRAWER CHANNEL   10   ARH   MEDIUM","","","0","250","290","published Edit Photos"
"DRAWER CHANNEL   10   SAK","","","150","245","260","published Edit Photos"
"DRAWER CHANNEL   10   SMC","","","0","317.5","330","published Edit Photos"
"DRAWER CHANNEL   12   ARH   MEDIUM","","","0","300","348","published Edit Photos"
"DRAWER CHANNEL   12   SAK","","","288","294","336","published Edit Photos"
"DRAWER CHANNEL   12   SAK   LIGHT","","","32","186","204","published Edit Photos"
"DRAWER CHANNEL   12   SMC","","","81","381","396","published Edit Photos"
"DRAWER CHANNEL   12   WHEEL   TREND","","","0","336","360","published Edit Photos"
"DRAWER CHANNEL   12   WICTOR   LIGHT","","","234","189","204","published Edit Photos"
"DRAWER CHANNEL   12 MAXEL","","","12","420","222","published Edit Photos"
"DRAWER CHANNEL   12 WHEEL","","","0","156","174","published Edit Photos"
"DRAWER CHANNEL   14   SAK","","","131","343","392","published Edit Photos"
"DRAWER CHANNEL   14   SAK   LIGHT","","","18","224","238","published Edit Photos"
"DRAWER CHANNEL   14   SMC","","","44","444.5","462","published Edit Photos"
"DRAWER CHANNEL   14   WHEEL   TREND","","","0","392","420","published Edit Photos"
"DRAWER CHANNEL   14   WICTOR   LIGHT","","","588","220.5","238","published Edit Photos"
"DRAWER CHANNEL   14 MAXEL","","","15","490","259","published Edit Photos"
"DRAWER CHANNEL   14 WHEEL","","","0","182","168","published Edit Photos"
"DRAWER CHANNEL   16   ARH   LIGHT","","","0","272","288","published Edit Photos"
"DRAWER CHANNEL   16   ARH   MEDIUM","","","2","400","480","published Edit Photos"
"DRAWER CHANNEL   16   SAK","","","0","416","448","published Edit Photos"
"DRAWER CHANNEL   16   SAK   LIGHT","","","0","256","272","published Edit Photos"
"DRAWER CHANNEL   16   SMC","","","52","508","528","published Edit Photos"
"DRAWER CHANNEL   16   WHEEL   TREND","","","0","448","480","published Edit Photos"
"DRAWER CHANNEL   16   WICTOR   LIGHT","","","74","220.5","238","published Edit Photos"
"DRAWER CHANNEL   16 MAXEL","","","15","560","296","published Edit Photos"
"DRAWER CHANNEL   18   ARH   LIGHT","","","0","306","324","published Edit Photos"
"DRAWER CHANNEL   18   ARH   MEDIUM","","","45","450","540","published Edit Photos"
"DRAWER CHANNEL   18   HOME WORK","","","0","468","504","published Edit Photos"
"DRAWER CHANNEL   18   SAK","","","32","450","504","published Edit Photos"
"DRAWER CHANNEL   18   SMC","","","24","571.5","594","published Edit Photos"
"DRAWER CHANNEL   18 MAXEL","","","0","630","333","published Edit Photos"
"DRAWER CHANNEL   18 WHEEL","","","0","234","225","published Edit Photos"
"DRAWER CHANNEL   20   PREMIO","","","13","450","500","published Edit Photos"
"DRAWER CHANNEL   20   SMC","","","5","640","660","published Edit Photos"
"DRAWER CHANNEL   22   SMC","","","1","748","759","published Edit Photos"
"DRAWER CHANNEL   BEIFEIBU   12","","","30","618","744","published Edit Photos"
"DRAWER CHANNEL   BEIFEIBU   12   PUSH OPEN","","","2","636","672","published Edit Photos"
"DRAWER CHANNEL   BEIFEIBU   14","","","45","721","840","published Edit Photos"
"DRAWER CHANNEL   BEIFEIBU   14   PUSH OPEN","","","0","742","784","published Edit Photos"
"DRAWER CHANNEL   BEIFEIBU   16","","","6","832","960","published Edit Photos"
"DRAWER CHANNEL   BEIFEIBU   16   PUSH OPEN","","","15","848","896","published Edit Photos"
"DRAWER CHANNEL   BEIFEIBU   18","","","43","936","1080","published Edit Photos"
"DRAWER CHANNEL   BEIFEIBU   18   PUSH OPEN","","","0","954","1008","published Edit Photos"
"DRAWER CHANNEL   BEIFEIBU   20   DA","","","0","1080","1100","published Edit Photos"
"DRAWER CHANNEL   BEIFEIBU   20   PUSH OPEN","","","9","1060","1120","published Edit Photos"
"DRAWER CHANNEL   GMC   16","","","0","464","496","published Edit Photos"
"DRAWER CHANNEL   GMC   18","","","0","522","558","published Edit Photos"
"DRAWER CHANNEL   PMHS   16","","","16","316","528","published Edit Photos"
"DRAWER CHANNEL  PRIME  18","","","0","486","531","published Edit Photos"
"DRAWER CHANNEL 12 ALUNIKI","","","0","216","213","published Edit Photos"
"DRAWER CHANNEL.  10   WICTOR","","","0","157.5","170","published Edit Photos"
"DRAWER CHANNEL.  12.  SPW","","","0","228","240","published Edit Photos"
"DRAWER LOCK   101   FAST","","","40","470","500","published Edit Photos"
"DRAWER LOCK   105   CLASSIC","","","0","2200","1550","published Edit Photos"
"DRAWER LOCK   108 A  SHH MAX","","","0","3600","4200","published Edit Photos"
"DRAWER LOCK   108 B  SHH MAX","","","2","3850","4200","published Edit Photos"
"DRAWER LOCK   138-22    SCREW PATTI  SAK","","","79.9993","815","950","published Edit Photos"
"DRAWER LOCK   138-22   ALUNIKI","","","83","1050","1150","published Edit Photos"
"DRAWER LOCK   138-22   AM FAST RED BOX","","","12","770","800","published Edit Photos"
"DRAWER LOCK   138-22   ATC COMP KEY","","","8","2350","2650","published Edit Photos"
"DRAWER LOCK   138-22   CLASSIC   METAL","","","3","2500","2650","published Edit Photos"
"DRAWER LOCK   138-22   CLASSIC PVC","","","1.16662","2400","2550","published Edit Photos"
"DRAWER LOCK   138-22   DIF HALF DICAST","","","10","1320","1550","published Edit Photos"
"DRAWER LOCK   138-22   FAST IRON   WITH SCREEW PATTI","","","1","820","900","published Edit Photos"
"DRAWER LOCK   138-22   IHS DICAST","","","7.16576","2200","2450","published Edit Photos"
"DRAWER LOCK   138-22   MAXELL","","","15","2400","2600","published Edit Photos"
"DRAWER LOCK   138-22   PMHS   HALF DICAST","","","2","1550","1950","published Edit Photos"
"DRAWER LOCK   138-22   PMHS SHEET WITH SCREW PAATI","","","0","925","1000","published Edit Photos"
"DRAWER LOCK   138-22   PREMIO","","","4","2000","2200","published Edit Photos"
"DRAWER LOCK   138-22   SAK   DIAMOND KEY","","","5.5","5150","5500","published Edit Photos"
"DRAWER LOCK   138-22   SAK   RED","","","0","1300","1350","published Edit Photos"
"DRAWER LOCK   138-22   SAK  LEAF KEY","","","8.8333","3500","3850","published Edit Photos"
"DRAWER LOCK   138-22   SAK COMP  HD","","","0.416","2400","3050","published Edit Photos"
"DRAWER LOCK   138-22   SMART","","","48","1700","1900","published Edit Photos"
"DRAWER LOCK   138-22   STI   WITHOUT SCREW","","","6","790","850","published Edit Photos"
"DRAWER LOCK   138-22   STI  HALF DICAST","","","92.6666","1275","1450","published Edit Photos"
"DRAWER LOCK   138-22   TREND METAL KEY","","","8.833698","1950","2100","published Edit Photos"
"DRAWER LOCK   138-22   TRIUMPH LASER","","","2","3400","2350","published Edit Photos"
"DRAWER LOCK   138-22   TRIUMPH LEAF","","","0","4400","3650","published Edit Photos"
"DRAWER LOCK   138-22   ZINC SAK","","","8.00003","1890","2200","published Edit Photos"
"DRAWER LOCK   138-22  FALE  SHEET","","","11.8333","820","950","published Edit Photos"
"DRAWER LOCK   138-22  STI RED   PVC","","","47","730","800","published Edit Photos"
"DRAWER LOCK   138-22 TRIUMPH BLUE","","","6.4993235","5900","4750","published Edit Photos"
"DRAWER LOCK   138-32   CLASSIC   PVC","","","0","2600","2800","published Edit Photos"
"DRAWER LOCK   138-32   SAK   ZINC","","","36","2025","2200","published Edit Photos"
"DRAWER LOCK   138-38   CLASSIC   MATEL","","","20","2800","3100","published Edit Photos"
"DRAWER LOCK   138-38   CLASSIC   PVC","","","8.42326","2700","3200","published Edit Photos"
"DRAWER LOCK   138-38   MAXELL","","","18","2700","3200","published Edit Photos"
"DRAWER LOCK   138-38   PMHS COMPUTER","","","0","3575","4150","published Edit Photos"
"DRAWER LOCK   138-38   SAK","","","48.5002","2175","2400","published Edit Photos"
"DRAWER LOCK   138-38   SAK COMPUTER","","","20","2850","3650","published Edit Photos"
"DRAWER LOCK   138-38   TRIUMPH BLUE","","","0","4800","3750","published Edit Photos"
"DRAWER LOCK   201   KHAS","","","30","1600","825","published Edit Photos"
"DRAWER LOCK   202   SAK","","","11","2450","2850","published Edit Photos"
"DRAWER LOCK   401   ARH","","","24.91666","1200","1300","published Edit Photos"
"DRAWER LOCK   408   CLASSIC","","","15","3100","2150","published Edit Photos"
"DRAWER LOCK   409   CLASSIC","","","1.00066","3200","3500","published Edit Photos"
"DRAWER LOCK   707   KHAS","","","0","950","860","published Edit Photos"
"DRAWER LOCK   808   CHINA","","","30.5","1200","1300","published Edit Photos"
"DRAWER LOCK   808 CL   METAL KEY","","","2","3100","3600","published Edit Photos"
"DRAWER LOCK   808 SAK   METAL","","","6.75","2650","2750","published Edit Photos"
"DRAWER LOCK   DOUBLE CHAL   CLASSIC","","","0","1450","2050","published Edit Photos"
"DRAWER LOCK   KHAS   108 A","","","0","3500","3650","published Edit Photos"
"DRAWER LOCK   KHAS   108 B","","","0","3500","3600","published Edit Photos"
"DRAWER LOCK   PMHS 138-22 COMPUTER","","","0","2375","2650","published Edit Photos"
"DRAWER LOCK   PUSH    CLASSIC","","","0","950","1250","published Edit Photos"
"DRAWER LOCK   SAK   10","","","53","250","280","published Edit Photos"
"DRAWER LOCK  138-22  HOMEWORK COMP KEY HEAVRY","","","0","3350","2950","published Edit Photos"
"DRAWER LOCK  138-22  PMHS DICAST MATEL KEY","","","0","2000","2400","published Edit Photos"
"DRAWER LOCK  138-38  PMHS   DICAST MATEL KEY","","","0","2400","2800","published Edit Photos"
"DRAWER LOCK.  138-22.  KHUDAL","","","0","800","950","published Edit Photos"
"EGGE EXPERT   STICKER","","","36","350","360","published Edit Photos"
"ELECTRIC LOCK   AKWA    88","","","10","3800","4200","published Edit Photos"
"ELECTRIC LOCK   AKWA    89","","","9","3800","4200","published Edit Photos"
"ELECTRIC LOCK   ECO   88","","","5","4800","3850","published Edit Photos"
"ELECTRIC LOCK   ECO   89","","","3","4800","5100","published Edit Photos"
"ELECTRIC LOCK   SHH    88 COMP","","","0","4100","3200","published Edit Photos"
"ELECTRIC LOCK   SMART   88","","","9","4800","5100","published Edit Photos"
"ELECTRIC LOCK   SMART   89","","","9","4800","5100","published Edit Photos"
"ELECTRIC LOCK   SMC   88","","","0","3900","4200","published Edit Photos"
"ELECTRIC LOCK   SMC   89","","","3","3850","4200","published Edit Photos"
"ELECTRIC LOCK   WHS   88","","","0","2600","2850","published Edit Photos"
"ELECTRIC LOCK.  PMHS.  COMPUTER. 88","","","0","2450","2650","published Edit Photos"
"ELECTRIC LOCK.  PMHS.  COMPUTER. 89","","","0","2500","0","published Edit Photos"
"FIBER NET   BROWN   3","","","4","2700","3400","published Edit Photos"
"FIBER NET   BROWN   4","","","72","3700","4400","published Edit Photos"
"FIBER NET   BROWN  5","","","0","4700","5800","published Edit Photos"
"FIBER NET   GREY   3","","","1","2700","3400","published Edit Photos"
"FIBER NET   GREY   4","","","2","3700","4400","published Edit Photos"
"FIBER NET   GREY  5","","","0","5600","5800","published Edit Photos"
"FLAP HINGES   CHINA","","","13","505","600","published Edit Photos"
"FLAP HINGES   KHAS","","","41","740","710","published Edit Photos"
"FLASH BOLT BUTTON  3","","","0","150","160","published Edit Photos"
"FLASH BOLT BUTTON  4","","","0","160","180","published Edit Photos"
"FLOOR HINGES   222Z","","","0","4400","4000","published Edit Photos"
"FLOOR HINGES   K-8300   KHAS BLUE","","","0","7300","7600","published Edit Photos"
"FOLDING BRACKET   10","","","0","475","530","published Edit Photos"
"FOLDING BRACKET   12","","","0","525","580","published Edit Photos"
"FOLDING BRACKET   14","","","0","575","630","published Edit Photos"
"FOLDING BRACKET   8","","","0","425","480","published Edit Photos"
"FURNITURE KNOB  AB","","","167","48","58","published Edit Photos"
"FURNITURE KNOB  COFFE","","","198","48","58","published Edit Photos"
"FURNITURE KNOB  CP","","","74","48","58","published Edit Photos"
"FURNITURE KNOB  PVC  BLACK","","","100","20","25","published Edit Photos"
"FURNITURE KNOB  PVC  BROWN","","","250","20","25","published Edit Photos"
"FURNITURE KNOB  PVC  CHATAI","","","300","20","25","published Edit Photos"
"FURNITURE KNOB  PVC  DIYAR","","","150","20","25","published Edit Photos"
"FURNITURE KNOB  PVC  GOLDEN","","","250","20","25","published Edit Photos"
"FURNITURE KNOB  PVC  GREY SILIVER","","","200","20","25","published Edit Photos"
"FURNITURE KNOB  PVC  LIGHT TECK","","","0","20","25","published Edit Photos"
"FURNITURE KNOB  PVC  OAK","","","100","20","25","published Edit Photos"
"FURNITURE KNOB  PVC  RED","","","150","20","25","published Edit Photos"
"FURNITURE KNOB  PVC  TECK","","","0","20","25","published Edit Photos"
"FURNITURE KNOB  PVC  TEXTURE","","","250","20","25","published Edit Photos"
"FURNITURE KNOB  PVC  WHITE","","","100","20","25","published Edit Photos"
"GATE LOCK   AKWA   12B","","","2","1000","1100","published Edit Photos"
"GATE LOCK   FARA","","","4","1060","1100","published Edit Photos"
"GATE LOCK   ICON   12B","","","23","1500","1750","published Edit Photos"
"GATE LOCK   ICON   12B 3M","","","24","1500","1750","published Edit Photos"
"GATE LOCK   LINCY 12B","","","29","1230","1450","published Edit Photos"
"GLASS LOCK   FAST AR","","","1.33633","2150","2650","published Edit Photos"
"GLASS LOCK   SAK","","","9","1900","2300","published Edit Photos"
"H P   2 PLY   2","","","4","360","425","published Edit Photos"
"H P   4 PLY","","","39","580","850","published Edit Photos"
"H P LOCK   BLK   2","","","0","750","850","published Edit Photos"
"HANDLE   5129   C/P   160","","","0","63","75","published Edit Photos"
"HANDLE   ALU   5","","","32.166","820","880","published Edit Photos"
"HANDLE   ALU   6","","","13.83325","870","930","published Edit Photos"
"HANDLE   ALU  4","","","17","770","830","published Edit Photos"
"HANDLE   ALU  7","","","6","140","160","published Edit Photos"
"HANDLE   ALU  8","","","16","190","210","published Edit Photos"
"HANDLE LOCK   ALUNIKI   006 AE","","","30","1200","1300","published Edit Photos"
"HANDLE LOCK   ALUNIKI   007 AB","","","32","1200","1300","published Edit Photos"
"HANDLE LOCK   ALUNIKI   007 AE","","","40","1200","1300","published Edit Photos"
"HANDLE LOCK   CRAFT   VIENNA 12 CF","","","22","1135","1200","published Edit Photos"
"HANDLE LOCK   CRAFT   VIENNA 13 CF","","","0","1135","1200","published Edit Photos"
"HANDLE LOCK   IHS   718 AB","","","0","1600","2100","published Edit Photos"
"HANDLE LOCK   IHS   799 AB","","","6","2000","2550","published Edit Photos"
"HANDLE LOCK   IHS   DULF   204 MAE","","","3","2400","2650","published Edit Photos"
"HANDLE LOCK   IHS   DULF   410 MTB/CP","","","0","2000","2350","published Edit Photos"
"HANDLE LOCK   IHS   DULF   808 MTB/CP","","","0","2400","2650","published Edit Photos"
"HANDLE LOCK   IHS   DULF   810 MAB/CP","","","0","2000","2350","published Edit Photos"
"HANDLE LOCK   KFV   22 AB","","","6","1050","1150","published Edit Photos"
"HANDLE LOCK   KRUD AL   312 AE","","","1","1550","1650","published Edit Photos"
"HANDLE LOCK   KRUD AL   312 AE","","","0","1550","1650","published Edit Photos"
"HANDLE LOCK   MAXIMUM   102","","","0","1750","1825","published Edit Photos"
"HANDLE LOCK   MAXIMUM PLUS   004 AB","","","0","2600","2750","published Edit Photos"
"HANDLE LOCK   PMHS    05 AB","","","0","1150","1180","published Edit Photos"
"HANDLE LOCK   PMHS   01 AB","","","91","1070","1050","published Edit Photos"
"HANDLE LOCK   PMHS   01 AE","","","19","1070","850","published Edit Photos"
"HANDLE LOCK   PMHS   012 AB","","","0","950","1050","published Edit Photos"
"HANDLE LOCK   PMHS   012 AE","","","0","1025","1050","published Edit Photos"
"HANDLE LOCK   PMHS   013 AE","","","0","1125","1050","published Edit Photos"
"HANDLE LOCK   PMHS   015 AB","","","37","1070","1050","published Edit Photos"
"HANDLE LOCK   PMHS   015 AE","","","0","970","1050","published Edit Photos"
"HANDLE LOCK   PMHS   02 AB","","","0","1055","1180","published Edit Photos"
"HANDLE LOCK   PMHS   02 AE","","","0","850","1180","published Edit Photos"
"HANDLE LOCK   PMHS   03   AB","","","36","1070","1170","published Edit Photos"
"HANDLE LOCK   PMHS   03 AE","","","42","1070","1180","published Edit Photos"
"HANDLE LOCK   PMHS   04   MBN","","","20","1250","1450","published Edit Photos"
"HANDLE LOCK   PMHS   04 ABM","","","0","1250","1250","published Edit Photos"
"HANDLE LOCK   PMHS   049 AB","","","0","1390","1575","published Edit Photos"
"HANDLE LOCK   PMHS   05 ABM","","","0","1175","975","published Edit Photos"
"HANDLE LOCK   PMHS   058 AE","","","0","1390","1575","published Edit Photos"
"HANDLE LOCK   PMHS   05AE","","","0","1150","1180","published Edit Photos"
"HANDLE LOCK   PMHS   06   BLACK","","","0","1070","1180","published Edit Photos"
"HANDLE LOCK   PMHS   06 AB","","","55","1070","1180","published Edit Photos"
"HANDLE LOCK   PMHS   07   MBN","","","0","1300","1450","published Edit Photos"
"HANDLE LOCK   PMHS   07 AB","","","9","1125","1250","published Edit Photos"
"HANDLE LOCK   PMHS   07 AE","","","21","1250","1250","published Edit Photos"
"HANDLE LOCK   PMHS   08 AB","","","0","1025","765","published Edit Photos"
"HANDLE LOCK   PMHS   08 AE","","","0","1025","765","published Edit Photos"
"HANDLE LOCK   PMHS   09 AE","","","0","870","950","published Edit Photos"
"HANDLE LOCK   PMHS   10 AB","","","33","1070","1180","published Edit Photos"
"HANDLE LOCK   PMHS   10 AE","","","65","1070","1180","published Edit Photos"
"HANDLE LOCK   PMHS   10 MAB CP","","","0","1200","1450","published Edit Photos"
"HANDLE LOCK   PMHS   116MAB","","","20","2300","2650","published Edit Photos"
"HANDLE LOCK   PMHS   116MAE","","","20","2300","2650","published Edit Photos"
"HANDLE LOCK   PMHS   117MAB","","","0","2300","2750","published Edit Photos"
"HANDLE LOCK   PMHS   117MAE","","","20","2300","2650","published Edit Photos"
"HANDLE LOCK   PMHS   118MAB","","","0","2400","2750","published Edit Photos"
"HANDLE LOCK   PMHS   119MAB","","","1","2300","2650","published Edit Photos"
"HANDLE LOCK   PMHS   119MAE","","","12","2300","2650","published Edit Photos"
"HANDLE LOCK   PMHS   123 CF","","","0","2300","2650","published Edit Photos"
"HANDLE LOCK   PMHS   123MAB","","","0","2300","2750","published Edit Photos"
"HANDLE LOCK   PMHS   124 ABM/CP","","","3","2400","2650","published Edit Photos"
"HANDLE LOCK   PMHS   127 ABM/CP","","","7","2400","2650","published Edit Photos"
"HANDLE LOCK   PMHS   129 ABM/CP","","","2","2400","2650","published Edit Photos"
"HANDLE LOCK   PMHS   14 AB   ZINC","","","0","705","765","published Edit Photos"
"HANDLE LOCK   PMHS   144 ABM/CP","","","0","3800","4100","published Edit Photos"
"HANDLE LOCK   PMHS   145 ABM/CP","","","0","3800","4150","published Edit Photos"
"HANDLE LOCK   PMHS   146 ABM/CP","","","0","3800","4250","published Edit Photos"
"HANDLE LOCK   PMHS   147 ABM/CP","","","0","3800","4100","published Edit Photos"
"HANDLE LOCK   PMHS   149 MAB/CP","","","0","3800","4250","published Edit Photos"
"HANDLE LOCK   PMHS   149 MBN/CP","","","0","3800","4250","published Edit Photos"
"HANDLE LOCK   PMHS   15 BLK","","","0","850","1180","published Edit Photos"
"HANDLE LOCK   PMHS   152 ABM/CP","","","0","3800","4150","published Edit Photos"
"HANDLE LOCK   PMHS   152 BN/CP","","","0","3800","4250","published Edit Photos"
"HANDLE LOCK   PMHS   17 ABM","","","0","1220","1150","published Edit Photos"
"HANDLE LOCK   PMHS   17 AE","","","0","950","765","published Edit Photos"
"HANDLE LOCK   PMHS   18 AB","","","0","710","765","published Edit Photos"
"HANDLE LOCK   PMHS   19 AB","","","0","1050","1250","published Edit Photos"
"HANDLE LOCK   PMHS   20   BLK CP","","","0","1250","1400","published Edit Photos"
"HANDLE LOCK   PMHS   38 ABM","","","0","2200","2750","published Edit Photos"
"HANDLE LOCK   PMHS   40 AE","","","0","1850","2150","published Edit Photos"
"HANDLE LOCK   PMHS   42 AB","","","0","1850","1850","published Edit Photos"
"HANDLE LOCK   PMHS   43 ABM","","","0","1700","1850","published Edit Photos"
"HANDLE LOCK   PMHS   43 AE","","","0","1425","1600","published Edit Photos"
"HANDLE LOCK   PMHS   45 AE","","","0","1675","1875","published Edit Photos"
"HANDLE LOCK   PMHS   48 AE","","","0","1675","1850","published Edit Photos"
"HANDLE LOCK   PMHS   50 AB","","","4","1900","2450","published Edit Photos"
"HANDLE LOCK   PMHS   52 MAB","","","0","1850","1600","published Edit Photos"
"HANDLE LOCK   PMHS   53 AE","","","3","1425","1850","published Edit Photos"
"HANDLE LOCK   PMHS   54 AEM","","","5","1850","1575","published Edit Photos"
"HANDLE LOCK   PMHS   54 MAB","","","16","1850","1600","published Edit Photos"
"HANDLE LOCK   PMHS   58 AE","","","0","1390","1575","published Edit Photos"
"HANDLE LOCK   PMHS   6 AE","","","0","2600","2600","published Edit Photos"
"HANDLE LOCK   PMHS   62 AE","","","0","2600","2450","published Edit Photos"
"HANDLE LOCK   PMHS   63 ABM","","","0","2350","2550","published Edit Photos"
"HANDLE LOCK   PMHS   64 AB","","","0","2600","1850","published Edit Photos"
"HANDLE LOCK   PMHS   64 AE","","","0","2600","2900","published Edit Photos"
"HANDLE LOCK   PMHS   66 ABM","","","0","2450","2650","published Edit Photos"
"HANDLE LOCK   PMHS   67 AE","","","0","2600","2100","published Edit Photos"
"HANDLE LOCK   PMHS   68 ABM","","","0","2450","2650","published Edit Photos"
"HANDLE LOCK   PMHS   69 AE","","","0","2050","2550","published Edit Photos"
"HANDLE LOCK   PMHS   70 AE","","","0","2350","2600","published Edit Photos"
"HANDLE LOCK   PMHS   71 AE","","","0","5600","6200","published Edit Photos"
"HANDLE LOCK   PMHS   72 ABM","","","0","4700","4250","published Edit Photos"
"HANDLE LOCK   PMHS   72 AE","","","0","4700","4600","published Edit Photos"
"HANDLE LOCK   PMHS   74 ABM","","","0","4000","4650","published Edit Photos"
"HANDLE LOCK   PMHS   75 AE","","","0","3900","4650","published Edit Photos"
"HANDLE LOCK   PMHS   81 ABM","","","0","4900","4800","published Edit Photos"
"HANDLE LOCK   PMHS   81 MAE","","","0","4900","5650","published Edit Photos"
"HANDLE LOCK   PMHS   83 AE","","","0","1450","1550","published Edit Photos"
"HANDLE LOCK   PMHS   84  BLK","","","0","1850","2350","published Edit Photos"
"HANDLE LOCK   PMHS   84 AB","","","4","1850","2350","published Edit Photos"
"HANDLE LOCK   PMHS   84 AE","","","0","2000","2050","published Edit Photos"
"HANDLE LOCK   PMHS   85 ABM","","","17","1850","2650","published Edit Photos"
"HANDLE LOCK   PMHS   85 BLK","","","2","1850","2350","published Edit Photos"
"HANDLE LOCK   PMHS   86 AE","","","0","1400","1550","published Edit Photos"
"HANDLE LOCK   PMHS   88 ABM","","","0","2050","2150","published Edit Photos"
"HANDLE LOCK   PMHS   91 MAB  XL","","","1","5000","6200","published Edit Photos"
"HANDLE LOCK   PMHS   92 AB XL","","","0","5000","6200","published Edit Photos"
"HANDLE LOCK   PMHS   93 MAB XL","","","0","5000","6200","published Edit Photos"
"HANDLE LOCK   PMHS   93 MAE XL","","","1","5000","6250","published Edit Photos"
"HANDLE LOCK   PMHS   93 MAE XL","","","0","5000","6250","published Edit Photos"
"HANDLE LOCK   PMHS   98   MAE XL","","","0","5000","6250","published Edit Photos"
"HANDLE LOCK   PMHS   99 MAB XL","","","1","5000","6250","published Edit Photos"
"HANDLE LOCK   PMHS DICAST   62 ABM","","","0","1605","2100","published Edit Photos"
"HANDLE LOCK   PREMIO   5801-39 AB/CP","","","0","1350","1550","published Edit Photos"
"HANDLE LOCK   PREMIO   5801-39 AEM/CP","","","0","1350","1450","published Edit Photos"
"HANDLE LOCK   SAK 1613  MAB","","","4","3850","4200","published Edit Photos"
"HANDLE LOCK   SHH   052 AB","","","17","1650","1850","published Edit Photos"
"HANDLE LOCK   SHH   052 AE","","","20","1650","1850","published Edit Photos"
"HANDLE LOCK   SHH   262 AE","","","0","1050","1250","published Edit Photos"
"HANDLE LOCK   SHH   5801 SN","","","2","1350","1100","published Edit Photos"
"HANDLE LOCK   SHH   5802 AE","","","11","580","650","published Edit Photos"
"HANDLE LOCK   SHH   5803 AB","","","18","580","1350","published Edit Photos"
"HANDLE LOCK   SHH   5807 AB","","","5","580","650","published Edit Photos"
"HANDLE LOCK   SHH   5817 AB","","","3","580","650","published Edit Photos"
"HANDLE LOCK   SHH   5878 AB","","","64","580","1100","published Edit Photos"
"HANDLE LOCK   SHH   5878 AE","","","0","1300","1100","published Edit Photos"
"HANDLE LOCK   SHH   78 AB","","","2","1650","1850","published Edit Photos"
"HANDLE LOCK   TREND   627   AEM","","","0","2350","2550","published Edit Photos"
"HANDLE LOCK   TREND   67 AB","","","0","1800","1900","published Edit Photos"
"HANDLE LOCK   TREND   67 AE","","","0","1800","1900","published Edit Photos"
"HANDLE LOCK   TREND   685 AE","","","0","900","980","published Edit Photos"
"HANDLE LOCK   TREND   711 AB","","","0","915","980","published Edit Photos"
"HANDLE LOCK   TREND   906   AEM","","","0","2350","2550","published Edit Photos"
"HANDLE LOCK   TREND   906 SS","","","0","1350","1650","published Edit Photos"
"HANDLE LOCK   TREND   S 13 AB","","","0","1150","1250","published Edit Photos"
"HANDLE LOCK   TREND   S 13 AE","","","0","1150","1250","published Edit Photos"
"HANDLE LOCK   TREND   S 15 AB","","","0","1150","1180","published Edit Photos"
"HANDLE LOCK   TREND   S 15 AE","","","0","1150","1180","published Edit Photos"
"HANDLE LOCK   TREND   S 16 AE","","","0","1100","1180","published Edit Photos"
"HANDLE LOCK   TREND PLUS   02 AE","","","0","1100","1175","published Edit Photos"
"HANDLE LOCK JOINT BOLT","","","3252","8","15","published Edit Photos"
"HANDLE LOCK.  PMHS.  09 AB","","","0","1025","950","published Edit Photos"
"HANDLE LOCK.  PMHS.  20 AB","","","40","1250","1250","published Edit Photos"
"HANDLE LOCK.  PMHS.  20 AE","","","0","1225","1250","published Edit Photos"
"HANGER PIPE HOLDING   10 BALL","","","29","230","270","published Edit Photos"
"HANGER PIPE HOLDING   7 BALL","","","24","210","250","published Edit Photos"
"HANGER ROD   5 BALL","","","39","100","130","published Edit Photos"
"HANGER ROD   7 BALL","","","94","110","140","published Edit Photos"
"HANGER ROD   9 BALL","","","80","120","150","published Edit Photos"
"HANGING WHEEL   SS   4","","","0","870","950","published Edit Photos"
"HANGING WHEEL   SS   8","","","0","1425","1525","published Edit Photos"
"HANGING WHEEL   ZINC   4","","","50","575","650","published Edit Photos"
"HANGING WHEEL   ZINC   8","","","1","950","1050","published Edit Photos"
"HAPS   3","","","0","230","280","published Edit Photos"
"HAPS   4","","","0","260","310","published Edit Photos"
"HINGES   2  GUN","","","6","170","200","published Edit Photos"
"HINGES   3  GUN","","","4","305","340","published Edit Photos"
"HINGES   3/4  6   LOCAL    400 GRAM","","","402","150","180","published Edit Photos"
"HINGES   3/4  6   LOCAL    465 GRAM","","","0","220","260","published Edit Photos"
"HINGES   3/4  6   LOCAL   300 GRAM","","","256","122","150","published Edit Photos"
"HINGES   3/4  6   LOCAL   350 GRAM","","","150","140","170","published Edit Photos"
"HINGES   3/4  6   LOCAL CHROME","","","65","220","245","published Edit Photos"
"HINGES   3/4  6   PATANG","","","50","74","85","published Edit Photos"
"HINGES   3/4  6   SITARA  GREEN","","","146","272","282","published Edit Photos"
"HINGES   3/4  7   SITARA","","","0","343","360","published Edit Photos"
"HINGES   3/4 6  Germany","","","107","315","325","published Edit Photos"
"HINGES   4   AB   PREMIO","","","0","470","230","published Edit Photos"
"HINGES   4  BEARING AB   SITARA","","","0","282","300","published Edit Photos"
"HINGES   4  BEARING BLACK   SITARA","","","29","235","250","published Edit Photos"
"HINGES   4""   HOME WORK AB  STEEL","","","0","500","550","published Edit Photos"
"HINGES   GERMANY   3/4 7","","","0","350","435","published Edit Photos"
"HINGES   HOME WORK   AB 5","","","11","850","950","published Edit Photos"
"HINGES   MAXEL   3D","","","95","290","330","published Edit Photos"
"HINGES   PLAIN","","","300","70","85","published Edit Photos"
"HINGES   PMHS   3D","","","200","210","230","published Edit Photos"
"HINGES   SAK   3D","","","75","210","295","published Edit Photos"
"HINGES   SAK   4D","","","91","365","410","published Edit Photos"
"HINGES   SAK   PACKING","","","50","200","270","published Edit Photos"
"HINGES   SITARA   2 CP","","","1","680","700","published Edit Photos"
"HINGES   SITARA   3 CP","","","0","520","550","published Edit Photos"
"HINGES   SITARA   4 AC","","","3.08316","940","975","published Edit Photos"
"HINGES   SITARA   4 CP","","","-0.16667","800","800","published Edit Photos"
"HINGES   SMART   AB 3","","","0","400","350","published Edit Photos"
"HINGES   SMC   3D","","","80","435","460","published Edit Photos"
"HINGES   SS   3/4   PMHS","","","0","360","405","published Edit Photos"
"HINGES   SS   3/4  6   SAK","","","-12","315","350","published Edit Photos"
"HINGES   SS   3/4 7   SAK","","","9","405","440","published Edit Photos"
"HINGES   SS   5/8  6   SAK","","","40","280","320","published Edit Photos"
"HINGES   TRIUMPH   3D","","","100","450","360","published Edit Photos"
"HINGES   WICTOR   3D","","","100","220","230","published Edit Photos"
"HINGES SITARA   5","","","1","365","1840","published Edit Photos"
"HINGES.  3 D.  SMC","","","30","445","360","published Edit Photos"
"IRON HANDLE   5   AB","","","28","420","470","published Edit Photos"
"IRON HANDLE   5   AC","","","32.6666","410","450","published Edit Photos"
"IRON HANDLE   6   AB","","","40","430","490","published Edit Photos"
"IRON HANDLE   6   AC","","","51.666","420","470","published Edit Photos"
"JOINT BOLT","","","15514","8.75","9.5","published Edit Photos"
"KAMANI   100N   SMALL   SAK","","","0","115","135","published Edit Photos"
"KAMANI   120N  SAK","","","150","115","130","published Edit Photos"
"KAMANI   150 N   PMHS","","","100","115","295","published Edit Photos"
"KAMANI   80N   WICTOR","","","117","115","135","published Edit Photos"
"KAMANI   KHAS   120N","","","0","300","330","published Edit Photos"
"KAMANI   KHAS   80N","","","209","150","330","published Edit Photos"
"KAMANI   PMHS   100N Adjustment","","","87.5","244","260","published Edit Photos"
"KAMANI   PMHS   120N","","","0","120","260","published Edit Photos"
"KAMANI   PMHS   80N","","","0","244","260","published Edit Photos"
"KAMANI   WICTOR   100N","","","0","120","135","published Edit Photos"
"KAMANI  100N   SAK","","","213","115","130","published Edit Photos"
"KHAS   KLITE   12B","","","0","1600","1775","published Edit Photos"
"KHAS   KLITE   12B 3M","","","0","1400","1325","published Edit Photos"
"KHAS   PREMIO   12B","","","2","1750","1850","published Edit Photos"
"KHAS   PREMIO   12B 3M","","","35","1750","1850","published Edit Photos"
"KITCHEN  ACCESSORIES   WELMAX 009","","","0","4100","3350","published Edit Photos"
"KITCHEN ACCESSORIES   009 I","","","0","1850","3600","published Edit Photos"
"KNOB   SS   FINGER","","","303","18","26","published Edit Photos"
"KONI   HEAVY   1","","","60","6.5","9","published Edit Photos"
"KONI   HEAVY   1.5","","","432","9.375","12","published Edit Photos"
"KONI   HEAVY   2","","","717","12.5","16","published Edit Photos"
"KONI   HEAVY   2.5","","","996","15.625","20","published Edit Photos"
"KONI   HEAVY   3","","","276","18.75","24","published Edit Photos"
"KONI   HEAVY   4","","","215","25","32","published Edit Photos"
"KONI   HEAVY   5","","","768","31.25","40","published Edit Photos"
"KONI   HEAVY   6","","","264","39","48","published Edit Photos"
"LATCH   KHAS   SILIVER","","","0","80","88","published Edit Photos"
"LATCH.  KHAS.  CHAMPAGNE","","","0","77","110","published Edit Photos"
"LED   HINGES","","","59","80","100","published Edit Photos"
"LED   KAMANI","","","37","180","200","published Edit Photos"
"LEG   BLACK   3   SQUARE","","","161","190","240","published Edit Photos"
"LEG   BLACK   4   SQUARE","","","146","210","260","published Edit Photos"
"LEG   SS   2","","","155","44","60","published Edit Photos"
"LEG   SS   2   ROUND   FIX","","","180","74","110","published Edit Photos"
"LEG   SS   2   SQUARE   FIX","","","80","80","95","published Edit Photos"
"LEG   SS   3","","","200","49","65","published Edit Photos"
"LEG   SS   3   ROUND   FIX","","","11","82","95","published Edit Photos"
"LEG   SS   3   SQUARE   FIX","","","20","90","105","published Edit Photos"
"LEG   SS   3   YADEGU","","","130","180","220","published Edit Photos"
"LEG   SS   4","","","177","54","65","published Edit Photos"
"LEG   SS   4   YADEGU","","","-2","200","240","published Edit Photos"
"LEG   SS   5","","","113","60","70","published Edit Photos"
"LEG   SS   5   SQUARE","","","0","98","125","published Edit Photos"
"LEG   SS   6","","","0","65","75","published Edit Photos"
"LEVER LOCK   3030 ET AB   ASPIRE","","","19","1500","1750","published Edit Photos"
"LEVER LOCK   3030 ET AE   ASPIRE","","","0","1500","1650","published Edit Photos"
"LOCK   MAXEL   6411   AB","","","0","2150","2450","published Edit Photos"
"LOCK   MAXEL   6411   SN","","","0","2200","2350","published Edit Photos"
"LOCK   MAXEL   6411   YB","","","3","2200","2450","published Edit Photos"
"LOCK BRASS   GREEN BOX 3","","","3.91666","5200","5500","published Edit Photos"
"LT   ALUNIKI","","","0","880","975","published Edit Photos"
"LT   BLUE   311 AC","","","0","690","850","published Edit Photos"
"LT   MAXEL","","","0","1575","1550","published Edit Photos"
"LT   PMHS   311   CP","","","123","1100","1250","published Edit Photos"
"LT   SMC   311   AB","","","3","1450","1700","published Edit Photos"
"LT DAREEN   883","","","0","1230","1350","published Edit Photos"
"LT LOCK   ARH  200 AB","","","3","910","975","published Edit Photos"
"LT LOCK   EXTREME   311 BLK","","","1","1600","1750","published Edit Photos"
"LT LOCK   FALE   311","","","0","1020","1125","published Edit Photos"
"LT LOCK   FALE   311 BRASS KEY","","","3","1230","1450","published Edit Photos"
"LT LOCK   TREND   9219   AB","","","14","1580","1650","published Edit Photos"
"LT Maximum","","","0","2000","1150","published Edit Photos"
"LT PMHS   883   AC","","","55","1360","1550","published Edit Photos"
"LT SMART   311   AB","","","77","1550","1750","published Edit Photos"
"LT TREND   811   AB","","","10","1900","2350","published Edit Photos"
"MACHINE   4 ROD","","","0","800","950","published Edit Photos"
"MACHINE   MEDIUM   FALE","","","71","300","375","published Edit Photos"
"MACHINE LARGE   BEARING","","","0","600","900","published Edit Photos"
"MAGNET CATCHER   MAXIUM   LARGE","","","600","100","105","published Edit Photos"
"MAGNET CATCHER   MAXIUM   MEDIUM","","","570","72","76","published Edit Photos"
"MAGNET CATCHER   MAXIUM   SMALL","","","0","46","40","published Edit Photos"
"MAGNET CATCHER   MAXIUM  X LARGE","","","0","105","120","published Edit Photos"
"MASTER LOCK   3  3","","","0","350","400","published Edit Photos"
"MICO DEAD LOCK","","","5","490","550","published Edit Photos"
"MICO DEAD LOCK   STAR KEY","","","9","550","650","published Edit Photos"
"MICO HOOK LOCK   PMHS","","","5","490","550","published Edit Photos"
"MIRROR CLIP   PVC","","","15","460","500","published Edit Photos"
"MIRROR CLIP   PVC  WITH SCREW","","","3","720","850","published Edit Photos"
"MIRROR HOLDER ZINC   CHINA","","","101","180","200","published Edit Photos"
"MULTI   7Q   WEL MAX","","","0","5600","6000","published Edit Photos"
"OVAL PIPE   12 FEET IRON","","","67","630","720","published Edit Photos"
"OVAL PIPE BRACKET","","","1162","5","7","published Edit Photos"
"OVAL PIPE BRACKET COVER","","","840","37.5","45","published Edit Photos"
"PAD BOLT   4 STEEL","","","2","140","160","published Edit Photos"
"PAD BOLT   6 STEEL","","","1","150","175","published Edit Photos"
"PAD BOLT   STEEL   8","","","0","160","200","published Edit Photos"
"PAD LOCK   KHAS   63MM","","","61","541.66","583.33","published Edit Photos"
"PAD LOCK   KHAS   75MM","","","5","800","833.33","published Edit Photos"
"PAD LOCK   S   50MM","","","-0.00100998","3280","3400","published Edit Photos"
"PAD LOCK   S  32 MM","","","8.41663","1850","1950","published Edit Photos"
"PAD LOCK   S  38 MM","","","0.9913","2330","2500","published Edit Photos"
"PAD LOCK   S  63 MM","","","-0.41674","4380","4600","published Edit Photos"
"PMHS   12B","","","12","2000","2250","published Edit Photos"
"PMHS   12B 3M","","","24","1900","2150","published Edit Photos"
"PMHS   14B","","","0","2100","2450","published Edit Photos"
"POEWER LOCK","","","20","360","450","published Edit Photos"
"POWER LOCK   2.5","","","0","670","850","published Edit Photos"
"PT 022 D   WEL MAX","","","0","19200","20500","published Edit Photos"
"PTJ 017K","","","0","13000","13650","published Edit Photos"
"PTJ017K- WELMAX","","","0","11500","12000","published Edit Photos"
"PTJ022B- WELLMAX","","","2","25250","26250","published Edit Photos"
"PUMP CLOSER   JIJI   CHAMPION","","","0","730","650","published Edit Photos"
"PUMP CLOSER   KGI   CHAMPAGNE","","","10","850","910","published Edit Photos"
"PUMP CLOSER   SAK   CHAMPION","","","23","715","825","published Edit Photos"
"ROD HANDLE   4   SS","","","11","29","36","published Edit Photos"
"ROD HANDLE   6   SS","","","2232","28.5","37","published Edit Photos"
"ROD HANDLE   8   SS","","","72","38","44","published Edit Photos"
"ROD HANDLE   SS   BLK   4","","","350","42","45","published Edit Photos"
"ROD HANDLE   SS   BLK   6","","","2197","39","50","published Edit Photos"
"ROD HANDLE   SS   BLK   8","","","1","52","60","published Edit Photos"
"ROD HANDLE   SS   GLD   4","","","0","60","65","published Edit Photos"
"ROD HANDLE   SS   GLD   6","","","0","52","70","published Edit Photos"
"ROD HANDLE   SS   GLD   8","","","393","75","80","published Edit Photos"
"ROUND LOCK   5794  AC  ARH BIG","","","29","820","780","published Edit Photos"
"ROUND LOCK   587   SS   AKWA","","","18","480","510","published Edit Photos"
"ROUND LOCK   8791 AB  KBW","","","0","830","880","published Edit Photos"
"ROUND LOCK   8791 AC  KBW","","","0","830","880","published Edit Photos"
"ROUND LOCK   900 AB SAK","","","18","1640","1750","published Edit Photos"
"ROUND LOCK   900 YB SAK","","","42","1640","1750","published Edit Photos"
"ROUND LOCK   96 AB SAK","","","42","1640","1750","published Edit Photos"
"ROUND LOCK   96 YB SAK","","","53","1640","1750","published Edit Photos"
"ROUND LOCK   AKWA   BIG","","","61","800","840","published Edit Photos"
"ROUND LOCK   AR   5892   AB  ARH","","","0","835","880","published Edit Photos"
"ROUND LOCK   AR   8799   AB/GP","","","5","1050","1100","published Edit Photos"
"ROUND LOCK   AR SMALL  5798 AC","","","20","730","780","published Edit Photos"
"ROUND LOCK   D 800 SS  SMC","","","7","1600","1700","published Edit Photos"
"ROUND LOCK   D800  MAB   SMC","","","10","1600","1700","published Edit Photos"
"ROUND LOCK   EURO   AB","","","0","1310","1450","published Edit Photos"
"ROUND LOCK   EURO   AE","","","5","1310","1450","published Edit Photos"
"ROUND LOCK   EURO   BLK","","","21","1310","1450","published Edit Photos"
"ROUND LOCK   EURO   SS","","","0","1310","1450","published Edit Photos"
"ROUND LOCK   EXTREME   H998 SN/CP","","","0","880","990","published Edit Photos"
"ROUND LOCK   GENERATION   118399 AB","","","0","1000","750","published Edit Photos"
"ROUND LOCK   GENERATION   118399 AC","","","44","950","735","published Edit Photos"
"ROUND LOCK   GENERATION   118500 AB","","","48","950","750","published Edit Photos"
"ROUND LOCK   GENERATION   118500 AC","","","0","970","1050","published Edit Photos"
"ROUND LOCK   GENERATION   118500 SS","","","0","740","535","published Edit Photos"
"ROUND LOCK   GENERATION   11960 AB","","","0","970","750","published Edit Photos"
"ROUND LOCK   GENERATION   11960 AC","","","48","950","515","published Edit Photos"
"ROUND LOCK   IHS   8793 AB","","","0","690","735","published Edit Photos"
"ROUND LOCK   IHS   8796 BN/AC","","","0","625","675","published Edit Photos"
"ROUND LOCK   IHS.  90 AB","","","0","1675","1350","published Edit Photos"
"ROUND LOCK   IHS.  90 YB","","","0","1250","1350","published Edit Photos"
"ROUND LOCK   KBW   ET  SS","","","0","490","510","published Edit Photos"
"ROUND LOCK   KHUD AL   5738   AC","","","59","750","750","published Edit Photos"
"ROUND LOCK   KHUD AL   5791   AC","","","0","700","750","published Edit Photos"
"ROUND LOCK   KHUD-AL   5791  SS","","","0","700","750","published Edit Photos"
"ROUND LOCK   KHUD-AL   5791 ET AB","","","0","925","470","published Edit Photos"
"ROUND LOCK   KHUD-AL   5791 ET SS","","","2","770","690","published Edit Photos"
"ROUND LOCK   KHUD-AL   5793  AB","","","79","750","750","published Edit Photos"
"ROUND LOCK   PMHS   101 AB","","","-3","800","575","published Edit Photos"
"ROUND LOCK   PMHS   101 AB BATHROOM","","","0","800","775","published Edit Photos"
"ROUND LOCK   PMHS   102 AB","","","43","800","850","published Edit Photos"
"ROUND LOCK   PMHS   103 AB","","","102","800","850","published Edit Photos"
"ROUND LOCK   PMHS   104 AC","","","67","800","850","published Edit Photos"
"ROUND LOCK   PMHS   106 AC","","","0","550","465","published Edit Photos"
"ROUND LOCK   PMHS   111 BKCP","","","27","1125","1250","published Edit Photos"
"ROUND LOCK   PMHS   112 B/CP","","","14","1100","1150","published Edit Photos"
"ROUND LOCK   PREMIO   8799   BN/CP","","","6","1350","1425","published Edit Photos"
"ROUND LOCK   PREMIO   AC/SP","","","0","835","825","published Edit Photos"
"ROUND LOCK   SAK   5870 AB/B EXCLUSIVE","","","14","2150","2350","published Edit Photos"
"ROUND LOCK   SAK   5871 AB","","","10","800","900","published Edit Photos"
"ROUND LOCK   SAK   800  AB","","","40","1175","1300","published Edit Photos"
"ROUND LOCK   SAK   800  AE","","","20","1175","1300","published Edit Photos"
"ROUND LOCK   SAK   800  SS","","","57","1175","1300","published Edit Photos"
"ROUND LOCK   SAK EXCLUSIVE","","","16","1975","2350","published Edit Photos"
"ROUND LOCK   STI 5791  SN","","","334","510","550","published Edit Photos"
"ROUND LOCK   TRIUMPH   8940 AB","","","24","2100","1225","published Edit Photos"
"ROUND LOCK   TRIUMPH   8940 YB","","","14","2100","1200","published Edit Photos"
"ROUND LOCK   TRIUMPH   8941 AB","","","20","2100","1200","published Edit Photos"
"ROUND LOCK   TRIUMPH   8941 TB","","","25","2050","1200","published Edit Photos"
"ROUND LOCK   TRIUMPH PLUS   40 GP BN","","","0","2000","2100","published Edit Photos"
"ROUND LOCK   TRIUMPH PLUS   40 GP BN","","","0","2000","2100","published Edit Photos"
"ROUND LOCK   WHS   187 AB","","","0","1666.6667","1750","published Edit Photos"
"ROUND LOCK   WHS   187 MAB","","","0","1225","1350","published Edit Photos"
"ROUND LOCK   WHS   187AE","","","0","1666.667","1750","published Edit Photos"
"ROUND LOCK   WHS   804 AB","","","0","1225","1350","published Edit Photos"
"ROUND LOCK   WHS   804 YB","","","0","1225","1350","published Edit Photos"
"ROUND LOCK  IB   960 AC","","","0","825","950","published Edit Photos"
"ROUND LOCK LOCK.  800 AB.  MAXEL","","","0","1050","950","published Edit Photos"
"ROUND LOCK SHOOTER","","","567","60","85","published Edit Photos"
"ROUND LOCK.  IHS   8720 BN/AC","","","0","625","675","published Edit Photos"
"S NAIL   AKH   1 20mm","","","0","350","375","published Edit Photos"
"S NAIL   AKH   1.25 20mm","","","11","350","380","published Edit Photos"
"S NAIL   AKH   1.5 20mm","","","1","350","380","published Edit Photos"
"S NAIL   AKH   3/4 20mm","","","0","350","380","published Edit Photos"
"S NAIL   AKH   4","","","0","255","280","published Edit Photos"
"S NAIL   AKH   5","","","0","290","310","published Edit Photos"
"S NAIL   AKH   6","","","0","290","310","published Edit Photos"
"S NAIL   ARH   1","","","45","255","275","published Edit Photos"
"S NAIL   ARH   1.5","","","17","255","280","published Edit Photos"
"S NAIL   ARH   2","","","38","245","280","published Edit Photos"
"S NAIL   ARH   2.5","","","23","255","280","published Edit Photos"
"S NAIL   ARH   3","","","52","250","275","published Edit Photos"
"SAFTY LOCK   3   3","","","73","325","420","published Edit Photos"
"SAILKOT LOCK   2.5","","","10","780","850","published Edit Photos"
"SAILKOT LOCK   2.5   3 PLY  PLAIN","","","25","450","600","published Edit Photos"
"SCREW DRIVER SET","","","2","350","400","published Edit Photos"
"SELF PIN VACCUM  HEAVY  LOCAL","","","52","330","450","published Edit Photos"
"SELF PIN VACCUM  MEDIUM  LOCAL","","","46","240","300","published Edit Photos"
"SELF PIN WITH VACCUM   CHINA","","","0","8","9","published Edit Photos"
"SHOE TACK   1","","","0","232","250","published Edit Photos"
"SHOE TACK   3/4","","","0","232","250","published Edit Photos"
"SHOE TACK   5/8","","","0","221.4285","250","published Edit Photos"
"SILICONE   G 1200  CLEAR","","","11","330","345","published Edit Photos"
"SILICONE   RTV   CLEAR   300ML","","","2","317","320","published Edit Photos"
"SITARA   3/4  6   AB","","","100","282","295","published Edit Photos"
"SITARA  BEARING   3   AB","","","8","210","225","published Edit Photos"
"SLIDING HANDLE   AB","","","420","30","145","published Edit Photos"
"SLIDING HANDLE   AE","","","281","30","145","published Edit Photos"
"SLIDING HANDLE   SN","","","180","30","145","published Edit Photos"
"SLINDING BOLT   4","","","0","760","880","published Edit Photos"
"SLINDING BOLT   8","","","0","250","300","published Edit Photos"
"SLINDING HANDLE   ALU","","","6.00003","540","650","published Edit Photos"
"SOFA   LEG   SS   SQAURE   3","","","0","260","280","published Edit Photos"
"SOFA   LEG   SS   SQAURE   4","","","0","280","280","published Edit Photos"
"SOFA   LEG   SS   SQAURE   5","","","0","300","320","published Edit Photos"
"SOFA LEG   SS   3   KHAS","","","0","240","260","published Edit Photos"
"SOFA LEG   SS   4   KHAS","","","0","260","280","published Edit Photos"
"SPACER  STEEL 25 25","","","100","45","50","published Edit Photos"
"SPACER  STEEL 25 40","","","112","49","950","published Edit Photos"
"ST LOCK   1.5   LOCAL","","","1.5","2480","2700","published Edit Photos"
"STOPPER   K SON ALUMUIM","","","254","155","175","published Edit Photos"
"STOPPER   MAX   AB","","","0","90","160","published Edit Photos"
"STOPPER   PMHS   SS","","","40","90","110","published Edit Photos"
"STOPPER   PMHS  AB   HEAVY","","","38","230","270","published Edit Photos"
"STOPPER   PMHS  AE   HEAVY","","","48","230","270","published Edit Photos"
"SUPER EDGR ORIGINAL","","","15","315","330","published Edit Photos"
"SUPER LINK LOCK   2","","","4","510","600","published Edit Photos"
"TOWER BOLT   2   IRON","","","-3.98334","330","360","published Edit Photos"
"TOWER BOLT   3   AC   KASHAN","","","0","580","680","published Edit Photos"
"TOWER BOLT   3   AC   SOLOX","","","6","360","390","published Edit Photos"
"TOWER BOLT   3 ALUMNIUM","","","12","790","820","published Edit Photos"
"TOWER BOLT   4   AB   KASHAN","","","20.8333","700","880","published Edit Photos"
"TOWER BOLT   4   AB   LMT","","","5.91723","740","880","published Edit Photos"
"TOWER BOLT   4   AC   KASHAN","","","36.33266","660","760","published Edit Photos"
"TOWER BOLT   4   AC   SOLOX","","","6","500","540","published Edit Photos"
"TOWER BOLT   4 1/2  AE   KASHAN","","","5.5","1200","1340","published Edit Photos"
"TOWER BOLT   4 ALUNIUM","","","25.5099","820","930","published Edit Photos"
"TOWER BOLT   6   AB   KASHAN","","","4","1050","1320","published Edit Photos"
"TOWER BOLT   6   AB   LMT","","","0.25","1110","1320","published Edit Photos"
"TOWER BOLT   6   AC   KASHAN","","","5.49999","990","1140","published Edit Photos"
"TOWER BOLT   6 1/2   AE   KASHAN","","","7.24958","1800","2010","published Edit Photos"
"TOWER BOLT   6 ALUMIUM","","","10.3333","1230","1350","published Edit Photos"
"TOWER BOLT   8   AB   LMT","","","-0.00037298","2640","1680","published Edit Photos"
"TOWER BOLT   8   KHAS  STEEL AB","","","189","160","200","published Edit Photos"
"TOWER BOLT   8   KHAS  STEEL SS","","","182","130","160","published Edit Photos"
"TOWER BOLT   8 1/2   AE   KASHAN","","","8.08326","2400","2680","published Edit Photos"
"TOWER BOLT   8 ALUMNIUM","","","0","1480","1700","published Edit Photos"
"U CLIP  8 MM   LOCAL","","","0","700","850","published Edit Photos"
"VIEWER   AB   KHAS","","","5","460","275","published Edit Photos"
"VIEWER   SS   KHAS","","","0","460","275","published Edit Photos"
"WASHROOM GRIP   10","","","118","260","320","published Edit Photos"
"WASHROOM GRIP   12","","","27","280","380","published Edit Photos"
"WASHROOM GRIP   8","","","165","240","300","published Edit Photos"
"WHEEL   BLACK   1.5","","","158","490","550","published Edit Photos"
"WHEEL   BLACK   2","","","171","570","650","published Edit Photos"
"WHEEL   BLACK   3","","","0","1290","1350","published Edit Photos"
"WHEEL   BLACK   4","","","0","1375","1680","published Edit Photos"
"WHEEL   BLACK 2.5","","","26","1650","1300","published Edit Photos"
"WHEEL   KHAS   3/4   JIRI","","","1700","30","33","published Edit Photos"
"WHEEL   SOMART   1  PLAIN","","","400","82","85","published Edit Photos"
"WHEEL   SOMART   3/4   PLAIN","","","50","37","40","published Edit Photos"
"WHEEL   SOMART   JIRI   1","","","530","82","85","published Edit Photos"
"WHEEL   SOMART   JIRI   3/4","","","0","37","40","published Edit Photos"
"WHEEL   SOMART   PLAIN   3/4","","","0","1900","2800","published Edit Photos"
"WINDOW LATCH   LOCAL CHAMPAGNE   2 SIDE","","","0","65","95","published Edit Photos"
"WINDOW LATCH  LOCAL  CHALPION","","","200","52","65","published Edit Photos"